-- phpMyAdmin SQL Dump
-- version 4.9.0.1
-- https://www.phpmyadmin.net/
--
-- Servidor: 127.0.0.1
-- Tiempo de generación: 17-04-2023 a las 13:40:18
-- Versión del servidor: 10.4.6-MariaDB
-- Versión de PHP: 7.3.9

SET SQL_MODE = "NO_AUTO_VALUE_ON_ZERO";
SET AUTOCOMMIT = 0;
START TRANSACTION;
SET time_zone = "+00:00";


/*!40101 SET @OLD_CHARACTER_SET_CLIENT=@@CHARACTER_SET_CLIENT */;
/*!40101 SET @OLD_CHARACTER_SET_RESULTS=@@CHARACTER_SET_RESULTS */;
/*!40101 SET @OLD_COLLATION_CONNECTION=@@COLLATION_CONNECTION */;
/*!40101 SET NAMES utf8mb4 */;

--
-- Base de datos: `fifa`
--


CREATE DATABASE FIFA23;

USE FIFA23;



-- --------------------------------------------------------

--
-- Estructura de tabla para la tabla `cartas`
--

CREATE TABLE `cartas` (
  `nombre` varchar(30) NOT NULL,
  `cod_jugador` int(11) NOT NULL,
  `rat` int(11) NOT NULL,
  `pos` varchar(3) NOT NULL,
  `precio` int(11) NOT NULL,
  `pac` int(11) NOT NULL,
  `sho` int(11) NOT NULL,
  `pas` int(11) NOT NULL,
  `dri` int(11) NOT NULL,
  `def` int(11) NOT NULL,
  `phy` int(11) NOT NULL,
  `pierna_mala` int(11) NOT NULL,
  `filigranas` int(11) NOT NULL
) ENGINE=InnoDB DEFAULT CHARSET=latin1;

--
-- Volcado de datos para la tabla `cartas`
--

INSERT INTO `cartas` (`nombre`, `cod_jugador`, `rat`, `pos`, `precio`, `pac`, `sho`, `pas`, `dri`, `def`, `phy`, `pierna_mala`, `filigranas`) VALUES
('IF', 3, 91, 'ST', 400000, 90, 89, 84, 90, 52, 74, 3, 4),
('IF', 20, 96, 'ST', 1393000, 90, 93, 92, 98, 34, 66, 4, 4),
('MOTM', 20, 98, 'RW', 2065000, 93, 97, 96, 99, 36, 70, 4, 4),
('SIMPLE', 1, 90, 'CB', 52500, 68, 48, 65, 64, 89, 84, 3, 2),
('SIMPLE', 2, 90, 'GK', 55000, 86, 92, 78, 89, 43, 88, 3, 1),
('SIMPLE', 3, 89, 'ST', 57000, 86, 86, 81, 88, 50, 70, 3, 4),
('SIMPLE', 4, 85, 'ST', 10750, 75, 83, 64, 76, 49, 87, 4, 2),
('SIMPLE', 5, 85, 'LM', 12000, 69, 75, 88, 82, 69, 78, 4, 3),
('SIMPLE', 6, 85, 'CM', 16500, 70, 77, 79, 82, 78, 76, 3, 4),
('SIMPLE', 7, 85, 'LB', 17500, 75, 62, 78, 79, 81, 79, 3, 3),
('SIMPLE', 8, 84, 'CB', 6500, 68, 45, 51, 53, 86, 82, 2, 3),
('SIMPLE', 9, 83, 'GK', 1000, 81, 84, 78, 83, 56, 84, 1, 2),
('SIMPLE', 10, 83, 'LM', 3800, 85, 76, 83, 85, 59, 67, 4, 2),
('SIMPLE', 11, 83, 'CB', 1300, 58, 35, 54, 58, 84, 74, 2, 3),
('SIMPLE', 12, 83, 'ST', 1400, 82, 79, 71, 79, 31, 71, 3, 4),
('SIMPLE', 13, 83, 'LB', 7000, 82, 48, 70, 71, 82, 80, 3, 3),
('SIMPLE', 14, 82, 'RM', 3200, 94, 69, 75, 86, 47, 61, 5, 3),
('SIMPLE', 15, 82, 'CDM', 82, 75, 67, 74, 77, 80, 82, 3, 3),
('SIMPLE', 16, 80, 'RM', 1200, 80, 80, 71, 85, 54, 59, 4, 4),
('SIMPLE', 17, 81, 'LM', 900, 77, 76, 78, 81, 41, 76, 3, 4),
('SIMPLE', 18, 79, 'RB', 1000, 86, 53, 70, 76, 76, 77, 3, 3),
('SIMPLE', 19, 82, 'LW', 1200, 88, 79, 76, 82, 36, 68, 4, 4),
('SIMPLE', 20, 94, 'CF', 536000, 88, 91, 88, 96, 32, 61, 4, 4),
('SIMPLE', 21, 91, 'ST', 85500, 80, 90, 79, 87, 53, 85, 4, 3),
('SIMPLE', 22, 89, 'CDM', 50000, 51, 62, 80, 81, 86, 80, 3, 3),
('SIMPLE', 23, 89, 'GK', 48000, 87, 85, 88, 90, 38, 85, 1, 4),
('SIMPLE', 24, 87, 'CB', 32250, 55, 61, 69, 66, 87, 76, 2, 3),
('SIMPLE', 25, 88, 'LW', 41500, 81, 81, 86, 91, 45, 64, 5, 4),
('SIMPLE', 26, 87, 'CB', 30000, 72, 64, 71, 72, 88, 82, 2, 3),
('SIMPLE', 27, 87, 'CM', 31500, 62, 84, 87, 82, 72, 69, 3, 3),
('SIMPLE', 28, 84, 'RB', 7700, 78, 63, 81, 77, 80, 71, 4, 3),
('SIMPLE', 29, 87, 'LB', 32000, 93, 69, 79, 83, 79, 72, 3, 3),
('SIMPLE', 30, 83, 'RW', 16000, 84, 70, 81, 85, 27, 64, 4, 4),
('SIMPLE', 31, 85, 'CDM', 12750, 57, 80, 79, 78, 83, 84, 4, 3),
('SIMPLE', 32, 82, 'CAM', 1000, 70, 76, 79, 84, 69, 64, 4, 4),
('SIMPLE', 33, 82, 'RW', 4200, 89, 75, 74, 87, 36, 50, 5, 4),
('SIMPLE', 34, 81, 'CB', 800, 74, 40, 59, 64, 80, 80, 2, 2),
('SIMPLE', 35, 82, 'CB', 950, 73, 35, 89, 63, 83, 78, 4, 2),
('SIMPLE', 36, 80, 'RB', 1300, 92, 52, 68, 80, 73, 72, 3, 4),
('SIMPLE', 37, 81, 'CM', 1000, 66, 78, 79, 80, 70, 76, 4, 4),
('SIMPLE', 38, 79, 'CM', 35000, 77, 72, 80, 82, 59, 54, 3, 3),
('SIMPLE', 39, 91, 'CM', 77000, 76, 76, 90, 91, 70, 67, 4, 4),
('SIMPLE', 40, 91, 'CB', 108000, 75, 63, 71, 72, 91, 84, 3, 3),
('SIMPLE', 41, 90, 'GK', 58000, 87, 91, 74, 88, 46, 87, 3, 1),
('SIMPLE', 42, 90, 'CM', 61000, 67, 82, 89, 82, 74, 69, 5, 3),
('SIMPLE', 43, 89, 'CAM', 53000, 72, 81, 85, 92, 61, 62, 3, 4),
('SIMPLE', 44, 88, 'RW', 118000, 95, 88, 84, 85, 58, 76, 3, 4),
('SIMPLE', 45, 88, 'LB', 675000, 82, 71, 83, 90, 81, 82, 4, 5),
('SIMPLE', 46, 88, 'CDM', 40750, 62, 69, 75, 72, 87, 88, 3, 2),
('SIMPLE', 47, 87, 'GK', 30000, 90, 81, 75, 90, 54, 82, 3, 1),
('SIMPLE', 48, 86, 'CB', 55000, 84, 45, 61, 65, 86, 80, 3, 2),
('SIMPLE', 49, 85, 'LW', 15750, 81, 84, 83, 85, 43, 60, 3, 4),
('SIMPLE', 50, 84, 'ST', 12750, 76, 79, 76, 81, 32, 75, 4, 4),
('SIMPLE', 51, 84, 'RB', 15250, 82, 45, 73, 79, 82, 78, 3, 3),
('SIMPLE', 52, 83, 'CB', 25000, 74, 37, 66, 65, 81, 79, 4, 2),
('SIMPLE', 53, 83, 'RW', 1800, 81, 75, 82, 82, 46, 67, 4, 4),
('SIMPLE', 54, 81, 'CM', 700, 70, 65, 78, 83, 68, 66, 3, 4),
('SIMPLE', 55, 80, 'GK', 75000, 75, 83, 80, 77, 32, 82, 2, 1),
('SIMPLE', 56, 80, 'RB', 900, 81, 53, 71, 73, 79, 68, 3, 3),
('SIMPLE', 57, 80, 'ST', 750, 85, 81, 62, 74, 45, 82, 4, 3),
('SIMPLE', 58, 77, 'LW', 1300, 93, 72, 64, 81, 29, 60, 4, 5),
('SIMPLE', 61, 86, 'CM', 30000, 47, 80, 88, 79, 71, 71, 3, 4),
('SIMPLE', 62, 84, 'GK', 6000, 86, 84, 79, 82, 53, 78, 1, 2),
('SIMPLE', 63, 84, 'ST', 5900, 90, 81, 73, 82, 44, 71, 4, 3),
('SIMPLE', 64, 82, 'CM', 3600, 73, 73, 76, 79, 83, 88, 4, 2),
('SIMPLE', 65, 82, 'CB', 1100, 73, 49, 68, 66, 83, 80, 2, 2),
('SIMPLE', 66, 82, 'CM', 1100, 75, 76, 82, 79, 72, 73, 4, 3),
('SIMPLE', 67, 81, 'ST', 1500, 76, 81, 59, 78, 33, 72, 4, 5),
('SIMPLE', 68, 81, 'CB', 1000, 76, 40, 59, 64, 80, 80, 2, 2),
('SIMPLE', 69, 81, 'ST', 850, 85, 81, 75, 78, 43, 68, 3, 4),
('SIMPLE', 70, 80, 'RM', 850, 76, 74, 81, 79, 62, 68, 4, 4),
('SIMPLE', 71, 79, 'CDM', 950, 71, 58, 68, 76, 78, 81, 3, 3),
('SIMPLE', 72, 79, 'lb', 1000, 87, 61, 76, 78, 72, 68, 3, 3),
('SIMPLE', 73, 78, 'RB', 1100, 74, 41, 66, 74, 76, 79, 2, 4),
('SIMPLE', 74, 76, 'ST', 750, 82, 75, 61, 70, 38, 63, 3, 3),
('SIMPLE', 413, 66, 'LD', 500, 80, 56, 60, 43, 81, 69, 1, 1),
('SIMPLE', 414, 67, 'DF', 50000, 45, 43, 44, 38, 25, 12, 1, 1),
('SIMPLE', 415, 77, 'MC', 68000, 45, 78, 66, 89, 94, 35, 5, 5),
('SIMPLE', 416, 77, 'MC', 68000, 45, 78, 66, 89, 94, 35, 5, 5),
('SIMPLE', 417, 77, 'MC', 68000, 45, 78, 66, 89, 94, 35, 5, 5),
('SIMPLE', 418, 88, 'DF', 300000, 45, 88, 97, 35, 75, 67, 4, 4),
('SIMPLE', 419, 88, 'DF', 300000, 45, 88, 97, 35, 75, 67, 4, 4),
('SIMPLE', 420, 88, 'DF', 300000, 45, 88, 97, 35, 75, 67, 4, 4),
('SIMPLE', 421, 88, 'DF', 300000, 45, 88, 97, 35, 75, 67, 4, 4),
('SIMPLE', 422, 88, 'DF', 300000, 45, 88, 97, 35, 75, 67, 4, 4),
('SIMPLE', 423, 88, 'DF', 300000, 45, 88, 97, 35, 75, 67, 4, 4),
('SIMPLE', 424, 88, 'DF', 300000, 45, 88, 97, 35, 75, 67, 4, 4),
('SIMPLE', 425, 88, 'DF', 300000, 45, 88, 97, 35, 75, 67, 4, 4),
('SIMPLE', 426, 88, 'DF', 300000, 45, 88, 97, 35, 75, 67, 4, 4),
('SIMPLE', 427, 88, 'DF', 300000, 45, 88, 97, 35, 75, 67, 4, 4),
('SIMPLE', 428, 88, 'DF', 300000, 45, 88, 97, 35, 75, 67, 4, 4),
('SIMPLE', 429, 88, 'DF', 300000, 45, 88, 97, 35, 75, 67, 4, 4),
('SIMPLE', 430, 88, 'DF', 300000, 45, 88, 97, 35, 75, 67, 4, 4),
('SIMPLE', 431, 88, 'DF', 300000, 45, 88, 97, 35, 75, 67, 4, 4),
('SIMPLE', 432, 88, 'DF', 300000, 45, 88, 97, 35, 75, 67, 4, 4),
('SIMPLE', 433, 88, 'DF', 300000, 45, 88, 97, 35, 75, 67, 4, 4),
('SIMPLE', 434, 88, 'DF', 300000, 45, 88, 97, 35, 75, 67, 4, 4),
('SIMPLE', 435, 88, 'DF', 300000, 45, 88, 97, 35, 75, 67, 4, 4),
('SIMPLE', 436, 88, 'DF', 300000, 45, 88, 97, 35, 75, 67, 4, 4),
('TOTY', 20, 99, 'CF', 3970000, 97, 99, 98, 99, 45, 85, 4, 4);

-- --------------------------------------------------------

--
-- Estructura de tabla para la tabla `equipos`
--

CREATE TABLE `equipos` (
  `cod_equipo` int(11) NOT NULL,
  `nombre` varchar(30) NOT NULL,
  `cod_liga` int(11) NOT NULL
) ENGINE=InnoDB DEFAULT CHARSET=latin1;

--
-- Volcado de datos para la tabla `equipos`
--

INSERT INTO `equipos` (`cod_equipo`, `nombre`, `cod_liga`) VALUES
(1, 'Atlético de Madrid', 23),
(2, ' FC Barcelona', 23),
(3, 'Real Madrid', 23),
(4, ' Athletic Club', 23),
(5, 'Real Betis', 23),
(6, 'RC Celta', 23),
(7, 'RCD Espanyol', 23),
(8, 'Real Sociedad', 23),
(9, 'Valencia CF', 23),
(10, ' R. Valladolid CF', 23),
(11, 'D. Alavés', 23),
(12, 'SD Eibar', 23),
(13, 'Rayo Vallecano', 23),
(14, 'Sevilla FC', 23),
(15, 'Villarreal CF', 23),
(16, 'Levante UD', 23),
(17, 'Getafe CF', 23),
(18, 'CD Leganes', 23),
(19, 'Girona FC', 23),
(20, 'SD Huesca', 23),
(21, 'Arsenal', 33),
(22, 'Chelsea', 33),
(23, 'Everton', 33),
(24, 'Liverpool', 33),
(25, 'Manchester City', 33),
(26, 'Manchester United', 33),
(27, 'Newcastle United', 33),
(28, 'Southampton', 33),
(29, 'Tottenham Hotspur', 33),
(30, 'West Ham United', 33),
(31, 'Leicester City', 33),
(32, 'Wolverhampton Wanderers', 33),
(33, 'Fulham', 33),
(34, 'Watford', 33),
(35, 'Burnley', 33),
(36, 'Crystal Palace', 33),
(37, 'Huddersfield Town', 33),
(38, 'Bournemouth', 33),
(39, 'Cardiff City', 33),
(40, 'SV Werder Bremen', 4),
(41, ' FC Bayern München', 4),
(42, ' Borussia Dortmund', 4),
(43, ' Borussia Mönchengladbach', 4),
(44, 'FC Schalke 04', 4),
(45, 'RB Leipzig', 4),
(46, ' Bayer 04 Leverkusen', 4),
(47, 'Sport-Club Freiburg', 4),
(48, ' VfB Stuttgart', 4),
(49, 'Brighton & Hove Albion', 33),
(50, 'Hertha BSC', 4),
(51, 'Hannover 96', 4),
(52, '1. FSV Mainz 05', 4),
(53, 'TSG 1899 Hoffenheim', 4),
(54, 'Fortuna Dasselfort', 4),
(55, ' FC Augsburg', 4),
(56, ' 1. FC Nürnberg', 4),
(57, ' VfL Wolfsburg', 4),
(58, 'Atalanta', 38),
(59, 'Inter', 38),
(60, 'Juventus', 38),
(61, 'Lazio', 38),
(62, 'Milan', 38),
(63, 'Napoli', 38),
(64, 'Parma', 38),
(65, 'Roma', 38),
(66, 'Torino', 38),
(67, 'Udinese', 38),
(68, 'Bologna', 38),
(69, 'Chievo Verona', 38),
(70, 'Empoli', 38),
(71, 'Sampdoria', 38),
(72, 'Cagliari', 38),
(73, 'Fiorentina', 38),
(74, 'Genoa', 38),
(75, 'Frosinone', 38),
(76, 'Sassuolo', 38),
(77, 'SPAL', 38),
(78, 'SL Benfica', 28),
(79, 'FC Porto', 28),
(80, 'Sporting CT', 28),
(81, 'Chaves', 28),
(82, 'Vitoria Setubal', 28),
(83, 'Desportivo Aves', 28),
(84, 'Rio Ave FC', 28),
(85, 'Santa Clara', 28),
(86, 'Vitoria Guimaraes', 28),
(87, 'FC Os Velenenses', 28),
(88, 'Funchal', 28),
(89, 'CS Maritimo', 28),
(90, 'SC Braga', 28),
(91, 'Boavista FC', 28),
(92, 'Moreirense FC', 28),
(93, 'CD Feirense', 28),
(94, 'Partimonense SC', 28),
(95, 'Tandela', 28),
(96, 'RC Deportivo', 22),
(97, 'Real Zaragoza', 22),
(98, 'CD Tenerife', 22),
(99, 'RCD Mallorca', 22),
(100, 'Real Sporting', 22),
(101, 'Elche CF', 22),
(102, 'Extremadura UD', 22),
(103, 'UD Las Palmas', 22),
(104, 'CD Numancia', 22),
(105, 'CA Osasuna', 22),
(106, 'Malaga CF', 22),
(107, 'Albacete Bpie', 22),
(108, 'UD Almeria', 22),
(109, 'Cordoba CF', 22),
(110, 'Cadiz CF', 22),
(111, 'Nastic', 22),
(112, 'AD Alcorcon', 22),
(113, 'Rayo Majadahonda', 22),
(114, 'Real Oviedo', 22),
(115, 'CD Lugo', 22),
(116, 'Granada CF', 22),
(118, 'Ajax', 16),
(119, 'Feyenoord', 16),
(120, 'PSV', 16),
(121, 'Fortuna Sittard', 16),
(122, 'De Graafschap', 16),
(123, 'ADO Den Haag', 16),
(124, 'FC Utrecht', 16),
(125, 'NAC Breda', 16),
(126, 'AZ', 16),
(127, 'Willem II', 16),
(129, 'Vitesse', 16),
(130, 'SC Heerenveen', 16),
(131, 'PEC Zwolle', 16),
(132, 'FC Groningen', 16),
(133, 'Excelsior', 16),
(134, 'FC Emmen', 16),
(135, 'Heracles Almelo', 16),
(136, 'VVV-Venlo', 16),
(137, 'FC Hansa Rostock', 1),
(138, '1. FC Kaiserslautern', 1),
(139, 'TSV 1860 München', 1),
(140, 'FC Energie Cottbus', 1),
(141, 'KFC Uerdingen 05', 1),
(142, 'SpVgg Unterhaching', 1),
(143, 'VfL Osnabrück', 1),
(144, 'SV Wehen-Wiesbaden', 1),
(145, 'SC Preußen Münster', 1),
(146, 'VfR Aalen', 1),
(147, 'Karlsruher SC', 1),
(148, 'SC Fortuna Köln', 1),
(149, 'FC Würzburger Kickers', 1),
(150, 'Hallescher FC', 1),
(151, 'Eintracht Braunschweig', 1),
(152, 'FC Carl Zeiss Jena', 1),
(153, 'FSV Zwickau', 1),
(154, 'SV Meppen', 1),
(155, 'VfL Sportfreunde Lotte', 1),
(156, 'SG Sonnenhof Großaspach', 1),
(157, 'IFK GOTEBOR', 2),
(158, 'Malmo FF', 2),
(159, 'AIK', 2),
(160, 'IF Elfsborg', 2),
(161, 'IFK Norrkopin', 2),
(162, 'Trelleborg', 2),
(163, 'Orebro SK', 2),
(164, 'Hammarby IF', 2),
(165, 'Djurgardens IF', 2),
(166, 'BK hacken', 2),
(167, 'Kalmar FF', 2),
(168, 'GIF Sundsvall', 2),
(169, 'Brommapojkarna', 2),
(170, 'Ostersunds FK', 2),
(171, 'IK Sirius', 2),
(172, 'Dalkurd FF', 2),
(173, 'RSC Anderlecht', 3),
(174, 'Royal Antwerp FC', 3),
(175, 'Club Brugge KV', 3),
(176, 'Standard de Liegue', 3),
(177, 'Sporting Charleoi', 3),
(178, 'KRC Genk', 3),
(179, 'KAA Gent', 3),
(180, 'Sint-Truidense', 3),
(181, 'KV Oostende', 3),
(182, 'KSV Cercle Brugge', 3),
(183, 'Sporting Lokere', 3),
(184, 'Kas Euspen', 3),
(185, 'SV Zuite-Waregem', 3),
(186, 'Kortrijk', 3),
(187, 'Waasland-Beveren', 3),
(188, 'Royal Excel', 3),
(190, 'Hamburger SV', 5),
(191, '1. FC Köln', 5),
(192, 'DSC Arminia Bielefeld', 5),
(193, 'VfL Bochum 1848', 5),
(194, 'SpVgg Greuther Fuerth', 5),
(195, 'SG Dynamo Dresden', 5),
(196, 'FC Erzgebirge Aue', 5),
(197, 'SSV Jahn Regensburg', 5),
(198, 'Holstein Kiel', 5),
(199, 'MSV Duisburg', 5),
(200, '1. FC Union Berlin', 5),
(201, 'SC Paderborn 07', 5),
(202, 'SV Sandhausen', 5),
(203, 'FC St. Pauli', 5),
(204, 'SV Darmstadt 98', 5),
(205, ' 1. FC Magdeburg', 5),
(206, '1. FC Heidenheim 1846', 5),
(207, 'FC Ingolstadt 04', 5),
(208, 'Universidad de Chile', 7),
(209, 'Audax Italiano', 7),
(210, 'Universidad Católica', 7),
(211, 'Unión Española', 7),
(212, 'CD Viñazur', 7),
(213, 'CD Huachipato', 7),
(214, 'CD Palestino', 7),
(215, 'CD O\'Higgins', 7),
(216, 'Deportes Iquique', 7),
(217, ' CD Antofagasta', 7),
(218, 'CD Universidad de Concepción', 7),
(219, 'Unión La Calera', 7),
(220, 'CD Everton de Viña del Mar', 7),
(221, 'Curicó Unido', 7),
(222, 'San Luis de Quillota', 7),
(223, 'Club Deportes Temuco', 7),
(225, 'Brescia', 6),
(226, 'Perugia', 6),
(227, 'Pescara', 6),
(228, 'Venezia', 6),
(229, 'Hellas Verona', 6),
(230, 'Lecce', 6),
(231, 'Palermo', 6),
(232, 'Livorno', 6),
(233, 'Ascoli', 6),
(234, 'Salerno', 6),
(235, 'Crotone', 6),
(236, 'La Spezia', 6),
(237, 'Foggia', 6),
(238, 'Padova', 6),
(239, 'Cremona', 6),
(240, 'Cittadella', 6),
(241, 'Benevento', 6),
(242, 'Cosenza Calcio', 6),
(243, 'Carpi', 6),
(244, 'Slavia Praha', 8),
(245, 'Sparta Praha', 8),
(246, 'Viktoria Plzen', 8),
(247, 'Tianjin Quanjian ', 9),
(248, 'Shanghai Greenland Shenhua FC', 9),
(249, 'Shandong Luneng Taishan', 9),
(250, 'Beijing Guoan', 9),
(251, 'Changchun Yatai FC', 9),
(252, 'Tianjin TEDA FC', 9),
(253, 'Henan Jianye FC', 9),
(254, 'Guangzhou Evergrande Taobao', 9),
(255, 'Jiangsu Suning FC', 9),
(256, 'Chongqing Lifan FC', 9),
(257, 'Dalian Yifang FC', 9),
(258, 'Guangzhou R&F FC', 9),
(259, 'Beijing Renhe', 9),
(260, 'Shanghai SIPG FC', 9),
(261, 'Guizhou Hengfeng FC', 9),
(262, 'Hebei China Fortune FC', 9),
(263, 'AJ Auxerre', 10),
(264, 'Racing Club de Lens', 10),
(265, 'Football Club de Metz', 10),
(266, 'La Berrichonne de chateauroux', 10),
(267, 'FC Lorient', 10),
(268, 'Sochaux-Montbeliard', 10),
(269, 'ESTAC Troyes', 10),
(270, 'Strades Bertois 29', 10),
(271, 'Atletic Club Ajaccio', 10),
(272, 'Habre Atletic Club', 10),
(273, 'Paris FC', 10),
(274, 'Red Start FC', 10),
(275, 'Clermont foot 63', 10),
(276, 'Valenciennes FC', 10),
(277, 'AS Beziers', 10),
(278, 'Aston Villa', 11),
(279, 'Blackburn Rovers', 11),
(280, 'Bolton Wanderers', 11),
(281, 'Leeds United', 11),
(282, 'Middlesbrough', 11),
(283, 'Nottingham Forest', 11),
(284, 'Queens Park Rangers', 11),
(285, 'Birmingham City', 11),
(286, 'Derby County', 11),
(287, 'Ipswich Town', 11),
(288, 'Millwall', 11),
(289, 'West Bromwich Albion', 11),
(290, 'Norwich City', 11),
(291, 'Reading', 11),
(292, 'Sheffield United', 11),
(294, 'Charlton Athletic', 12),
(295, 'Sunderland', 12),
(296, 'Shrewsbury', 12),
(297, 'Dancaster Rovers', 12),
(298, 'Partsmouth', 12),
(299, 'Coventry City', 12),
(300, 'Gilingham', 12),
(301, 'Walsall', 12),
(302, 'Bradford City', 12),
(303, 'Luton Town', 12),
(304, 'Blackpool', 12),
(305, 'Plymouth Argyle', 12),
(306, 'Barnsley', 12),
(307, 'Wycombe Wanderers', 12),
(308, 'Oxford United', 12),
(309, 'Southend United', 12),
(310, 'Rochdale', 12),
(311, 'Grimbsy Town', 13),
(312, 'Crewe Alexandra', 13),
(313, 'Exeter City', 13),
(314, 'Lincoln City', 13),
(315, 'Yeovil Town', 13),
(316, 'Morecambe', 13),
(317, 'Stevenage', 13),
(318, 'Forest Green Ravers', 13),
(319, 'Carliste United', 13),
(320, 'Milton Keynes Dons', 13),
(321, 'Oldham Athletic', 13),
(322, 'Port Vale', 13),
(323, 'Northampton Town', 13),
(324, 'Swindon Town', 13),
(325, 'Colchester United', 13),
(326, 'Notts Country', 13),
(327, 'Mansfield Town', 13),
(328, 'Wisla Kraków', 14),
(329, 'Górnik Zabrze', 14),
(330, 'Lech Poznan', 14),
(331, 'Wisla Plock', 14),
(332, 'Legia Warszawa', 14),
(333, 'Wisla Kraków', 14),
(334, ' Jagiellonia Bialystok', 14),
(335, 'Pogon Szczecin', 14),
(336, 'Cracovia', 14),
(337, 'Zaglebie Lubin', 14),
(338, 'Arka Gdynia', 14),
(339, 'Korona Kielce', 14),
(340, 'Piast Gliwice', 14),
(341, 'Zaglebie Sosnowiec', 14),
(342, 'Lechia Gda?sk', 14),
(343, 'Slask Wroclaw', 14),
(344, 'Miedz Legnica', 14),
(345, 'HKJ Helsinki', 17),
(346, 'GNK Dinamo Zagret', 27),
(347, 'Perth Glory', 19),
(348, 'AEK Athens', 18),
(349, 'Olympiacos CFP', 18),
(350, 'PAOK', 18),
(351, 'Panathinaikos FC', 18),
(352, 'Adelaide United', 19),
(353, 'Brisbane Roar', 19),
(354, 'Central Coast Mariners', 19),
(355, 'Melbourne Victory', 19),
(356, 'Newcastle Jets', 19),
(357, 'Syndey FC', 19),
(358, 'Wellington Phoenix', 19),
(359, 'Melbourne Victory', 19),
(360, 'Western Sydney Wanderes', 19),
(361, 'Icons', 20),
(373, 'Monarcas Morelia', 25),
(374, 'Monterey', 25),
(375, 'Cruz Azul', 25),
(376, 'Club America', 25),
(377, 'Guadalajara', 25),
(378, 'U.N.A.M', 25),
(379, 'Deportivo Toluca', 25),
(380, 'Tigres U.A.N.L', 25),
(381, 'Club Atlas', 25),
(382, 'Club Necaxa', 25),
(383, 'Santos Laguna', 25),
(384, 'Tiburones Rojos De Veracruz', 25),
(385, 'Pachuca', 25),
(386, 'Queretaro', 25),
(387, 'Puebla', 25),
(388, 'Club Leon', 25),
(389, 'Lobos B.U.A.P', 25),
(390, 'Club Tijuana', 25),
(391, 'FC Seoul', 20),
(392, 'Suwon Samsung Bluewings', 21),
(393, 'Ulsan Hyundai Horang-i', 21),
(394, 'Pohang Steelers', 21),
(395, 'Jeonnam Dragons', 21),
(396, 'Jeonbuk Hyundai Motors', 21),
(397, 'Jeju United FC', 21),
(398, 'Sangju Sangmu FC', 21),
(399, 'Daegu FC', 21),
(400, 'Incheon United FC', 21),
(401, 'GyeongNam FC', 21),
(402, 'Gangwon FC', 21),
(403, 'SK Brann', 15),
(404, 'América de Cali', 26),
(405, 'Atlético Nacional', 26),
(406, 'Junior FC', 26),
(407, 'Deportivo Cali', 26),
(408, 'Independiente Medellín', 26),
(409, 'Millonarios FC', 26),
(410, 'Once Caldas', 26),
(411, 'Deportes Tolima', 26),
(412, 'Deportivo Pasto', 26),
(413, 'Boyacá Chicó FC', 26),
(414, 'La Equidad', 26),
(415, 'Envigado FC', 26),
(416, 'Patriotas Boyacá FC', 26),
(417, ' Atlético Huila', 26),
(418, 'Rionegro Águilas', 26),
(419, 'Alianza Petrolera', 26),
(420, 'Jaguares Fútbol Club', 26),
(421, 'Rosenborg BK', 15),
(422, 'Lillestromg', 15),
(423, 'Molde FK', 15),
(424, 'Tromso IL', 15),
(425, 'Stabaek Futball', 15),
(426, 'FK Bodo/Glimt', 15),
(427, 'Valerenga Fotball', 15),
(428, 'Stromsgodset IF', 15),
(429, 'Odds BK', 15),
(430, 'FK Haugesund', 15),
(431, 'IK Start', 15),
(432, 'Sandefjord Fotball', 15),
(433, 'SarpsBorg 08 FF', 15),
(434, 'Ranheim Fotball', 15),
(435, 'Kristiansund FK', 15),
(436, 'Bohemian FC', 40),
(437, 'Shamrock Rovers', 40),
(438, 'Cork City', 40),
(439, 'St.Patrick Athletic', 40),
(440, 'Derry City', 40),
(441, 'Sligo Rovers', 40),
(442, 'Waterford FC', 40),
(443, 'Dundalk', 40),
(444, 'Bray Wanderers', 40),
(445, 'Limerick FC', 40),
(446, 'Columbus Crew SC', 30),
(447, 'D.C. United', 30),
(448, 'New York Red Bulls', 30),
(449, 'New England Revolution', 30),
(450, 'Chicago Fire Soccer Club', 30),
(451, 'Colorado Rapids', 30),
(452, 'FC Dallas', 30),
(453, 'Sporting Kansas City', 30),
(454, 'LA Galaxy', 30),
(455, 'Houston Dynamo', 30),
(456, 'Vancouver Whitecaps FC', 30),
(457, 'Real Salt Lake', 30),
(458, 'Minnesota United FC', 30),
(459, 'Impact Montréal', 30),
(460, 'Portland Timbers', 30),
(461, 'Seattle Sounders FC', 30),
(462, 'Toronto FC', 30),
(463, 'Aberdeen', 37),
(464, 'Celtic', 37),
(465, 'Heart of Midlothian', 37),
(466, 'Hibernian', 37),
(467, 'Kilmarnock', 37),
(468, 'Motherwell', 37),
(469, 'Rangers FC', 37),
(470, 'Dundee FC', 37),
(471, 'Hamilton Acedemical FC', 37),
(472, 'Livingstong FC', 37),
(473, 'St.Johnstone FC', 37),
(474, 'St.Mirren', 37),
(475, 'Grasshopper Club Zurich', 34),
(476, 'Neuchatel Xamax', 34),
(478, 'FC Zurich', 34),
(479, 'FC Basel', 34),
(480, 'FC Luzern', 34),
(481, 'FC  St.Gallen', 34),
(482, 'BSC Young Boys', 34),
(483, 'FC Thun', 34),
(484, 'FC Lugano', 34),
(485, 'FC SIon', 34),
(486, 'Besiktas JK', 41),
(487, 'Galatasaray SK', 41),
(488, 'Fenerbahçe SK', 41),
(489, 'Trabzonspor', 41),
(490, 'Antalyaspor', 41),
(491, 'Bursaspor', 41),
(492, 'Büyüksehir Belediye ', 41),
(493, 'MKE Ankaragücü', 41),
(494, 'Medipol Basaksehir FK', 41),
(495, 'Kayserispor', 41),
(496, 'Göztepe SK', 41),
(497, 'Atiker Konyaspor', 41),
(498, 'Caykur Rizespor', 41),
(499, 'Sivasspor', 41),
(500, 'Kasimpasa SK', 41),
(501, 'Akhisar Belediyespor', 41),
(514, 'FC Red Bull Salzburg', 32),
(515, 'SK Sturm raz', 32),
(516, 'LASK Linz', 32),
(517, 'SK Rapid Wien', 32),
(518, 'FK Austria Wien', 32),
(519, 'Mattersburg', 32),
(520, 'TSV Hartberg', 32),
(521, 'FC Wacker Innsbruck', 32),
(522, 'SCR Altach', 32),
(523, 'FC Admira Wacker Modlin', 32),
(524, 'WolfsbergerAC', 32),
(525, 'SKN St.Polken', 32),
(526, 'CSK Moscow', 24),
(527, 'Lokomotiv Moscow', 24),
(531, 'Júbilo Iwata', 31),
(532, 'Kashiwa Reysol', 31),
(533, 'Vissel Kobe', 31),
(534, 'Kashima Antlers', 31),
(535, 'Cerezo Osaka', 31),
(536, 'Shimizu S-Pulse', 31),
(537, 'F.C. Tokyo', 31),
(538, 'Yokohama F Marinos', 31),
(539, 'Urawa Red Diamonds', 31),
(540, 'Kawasaki Frontale', 31),
(541, 'Nagoya Grampus', 31),
(542, 'Gamba Osaka', 31),
(543, 'Hokkaido Consadole Sapporo', 31),
(544, 'V-Varen Nagasaki', 31),
(545, 'Vegalta Sendai', 31),
(546, 'Sanfrecce Hiroshima', 31),
(547, 'FC Girondins de Bordeaux', 29),
(548, 'En Avant de Guingamp', 29),
(549, 'LOSC Lille', 29),
(550, 'Olympique Lyonnais', 29),
(551, 'AS Monaco Football Club SA', 29),
(552, 'Montpellier Hérault SC', 29),
(553, 'FC Nantes', 29),
(554, 'OGC Nice', 29),
(555, 'Paris Saint-Germain', 29),
(556, 'Stade Rennais FC', 29),
(557, 'RC Strasbourg Alsace', 29),
(558, 'Stade Malherbe Caen', 29),
(559, 'Olympique de Marseille', 29),
(560, 'Nîmes Olympique', 29),
(561, 'Stade de Reims', 29),
(562, 'Angers SCO', 29),
(563, 'Al Hilal', 36),
(564, 'Al Itthad', 36),
(565, 'Al Shabad', 36),
(566, 'Ettifaq FC', 36),
(567, 'Al Nassr', 36),
(568, 'Al alhi', 36),
(569, 'Al Faisaly', 36),
(570, 'Al Fateh', 36),
(571, 'Al Qadisiyah', 36),
(572, 'Al Raed', 36),
(573, 'Al Taowun', 36),
(574, 'Al Wehda', 36),
(575, 'Al Batin', 36),
(576, 'Al Fayha', 36),
(577, 'Ohod Club', 36),
(578, 'Al-Hazem FC', 36),
(579, 'San Lorenzo De Almagro', 35),
(580, 'River Plate', 35),
(581, 'Buenos Aires', 35),
(582, 'Estudiantes De La Plata', 35),
(583, 'Gimnasia y Esgrima la Plata', 35),
(584, 'Racing Club', 35),
(585, 'Independiente', 35),
(586, 'Club Atletico Lanús', 35),
(587, 'Newells Old Boys', 35),
(588, 'Club Atletico Banfield', 35),
(589, 'Colon De Santa Fe', 35),
(590, 'Rosario Central', 35),
(591, 'Patronato', 35),
(592, 'Argentinos Juniors', 35),
(593, 'Belgrano De Córdoba', 35),
(594, 'Godoy Cruz', 35),
(610, 'FC København', 42),
(611, 'Brøndby IF', 42),
(612, 'Aarhus GF', 42),
(613, 'Odense Boldklub', 42),
(614, 'Aalborg BK', 42),
(615, 'Vejle Boldklub', 42),
(616, 'Esbjerg fB', 42),
(617, 'AC Horsens', 42),
(618, 'SønderjyskE', 42),
(620, 'FC Nordsjælland', 42),
(621, 'Vendsyssel FF', 42),
(622, 'Hobro IK', 42),
(623, 'FC Midtjylland', 42),
(624, 'Nelson C.F.', 23);

-- --------------------------------------------------------

--
-- Estructura de tabla para la tabla `jugadores`
--

CREATE TABLE `jugadores` (
  `cod_jugador` int(11) NOT NULL,
  `nombre` varchar(50) NOT NULL,
  `cod_equipo` int(11) NOT NULL,
  `pierna` varchar(10) NOT NULL,
  `altura` int(11) NOT NULL,
  `pais` varchar(20) NOT NULL
) ENGINE=InnoDB DEFAULT CHARSET=latin1;

--
-- Volcado de datos para la tabla `jugadores`
--

INSERT INTO `jugadores` (`cod_jugador`, `nombre`, `cod_equipo`, `pierna`, `altura`, `pais`) VALUES
(1, 'Diego Godín', 1, 'Derecha', 187, 'Uruguay'),
(4, 'Diego Costa', 1, 'Derecha', 188, 'Espana'),
(5, 'Koke', 1, 'Derecha', 176, 'Espana'),
(6, 'Saul', 1, 'Izquierda', 184, 'Espana'),
(7, 'Filipe Luís', 1, 'Izquierda', 182, 'Brasil'),
(8, 'Jóse María Giménez', 1, 'Derecha', 185, 'Espana'),
(9, 'Adán', 1, 'Izquierda', 190, 'Espana'),
(10, 'Thomas Lemar', 1, 'Izquierda', 171, 'Francia'),
(11, 'Stefan Savic', 1, 'Derecha', 187, 'Montenegro'),
(12, 'Morata', 1, 'Derecha', 189, 'Espana'),
(13, 'Lucas Hernández', 1, 'Izquierda', 182, 'Francia'),
(14, 'Gelson Martins', 1, 'Derecha', 173, 'Portugal'),
(15, 'Thomas Teye Partey', 1, 'Derecha', 185, 'Ghana'),
(16, 'Ángel Correa', 1, 'Derecha', 171, 'Argentina'),
(17, 'Vitolo', 1, 'Derecha', 185, 'Espana'),
(18, 'Santiago Arias', 1, 'Derecha', 178, 'Colombia'),
(19, 'Gonçalo Guedes', 9, 'Derecha', 179, 'Portugal'),
(20, 'Lionel Messi', 2, 'Izquierda', 170, 'Argentina'),
(21, 'Luis Suárez', 2, 'Derecha', 182, 'Uruguay'),
(22, 'Sergio Busquets', 2, 'Derecha', 189, 'Espana'),
(23, 'Marc-André ter Stegen', 2, 'Derecha', 187, 'Alemania'),
(24, 'Piqué', 2, 'Derecha', 189, 'Espana'),
(25, 'Coutinho', 2, 'Derecha', 172, 'Brasil'),
(26, 'Samuel Umtiti', 2, 'Izquierda', 182, 'Francia'),
(27, 'Ivan Rakitic', 2, 'Derecha', 184, 'Croacia'),
(28, 'Sergi Roberto', 2, 'Derecha', 178, 'Espana'),
(29, 'Jordi Alba', 2, 'Izquierda', 170, 'Espana'),
(30, ' Malcom', 2, 'Izquierda', 172, 'Brasil'),
(31, 'Arturo Vidal', 2, 'Derecha', 180, 'Chile'),
(32, 'Rafinha', 2, 'Izquierda', 174, 'Brasil'),
(33, 'Ousmane Dembélé', 2, 'Derecha', 178, 'Francia'),
(34, 'Jeison Murillo', 2, 'Derecha', 182, 'Colombia'),
(35, 'Clément Lenglet', 2, 'Izquierda', 186, 'Francia'),
(36, 'Nélson Cabral Semedo', 2, 'Derecha', 177, 'Portugal'),
(37, 'Kevin-Prince Boateng', 2, 'Derecha', 186, 'Ghana'),
(38, 'Denis Suárez', 2, 'Derecha', 176, 'Espana'),
(39, 'Luka Modric', 3, 'Izquierda', 172, 'Croacia'),
(40, 'Sergio Ramos', 3, 'Derecha', 184, 'Espana'),
(41, 'Thibaut Courtois', 3, 'Derecha', 199, 'Belgica'),
(42, 'Toni Kroos', 3, 'Izquierda', 183, 'Alemania'),
(43, 'Isco', 3, 'Derecha', 176, 'Espana'),
(44, 'Gareth Bale', 3, 'Izquierda', 185, 'Gales'),
(45, 'Marcelo', 3, 'Izquierda', 174, 'Brasil'),
(46, 'Casemiro', 3, 'Derecha', 185, 'Brasil'),
(47, 'Keylor Navas', 3, 'Derecha', 185, 'Costa Rica'),
(48, 'Raphaël Varane', 3, 'Derecha', 191, 'Francia'),
(49, 'Marco Asensio', 3, 'Derecha', 182, 'Espana'),
(50, 'Karim Benzema', 3, 'Derecha', 185, 'Francia'),
(51, 'Carvajal', 3, 'Derecha', 173, 'Espana'),
(52, 'Nacho Fernández', 3, 'Derecha', 180, 'Espana'),
(53, 'Lucas Vázquez', 3, 'Derecha', 173, 'Espana'),
(54, 'Dani Ceballos', 3, 'Derecha', 179, 'Espana'),
(55, 'Kiko Casilla', 3, 'Derecha', 190, 'Espana'),
(56, 'Odriozola', 3, 'Derecha', 176, 'Espana'),
(57, ' Mariano Díaz Mejía', 3, 'Derecha', 179, 'Republica Dominicana'),
(58, 'Vinícius Júnior', 3, 'Derecha', 177, 'Brasil'),
(61, 'Parejo', 9, 'Derecha', 182, 'Espana'),
(62, 'Neto', 9, 'Derecha', 190, 'Brasil'),
(63, 'Rodrigo', 9, 'Izquierda', 182, 'Espana'),
(64, 'Geoffrey Kondogbia', 9, 'Izquierda', 188, 'Francia'),
(65, 'Gabriel Paulista', 9, 'Derecha', 187, 'Brasil'),
(66, 'Daniel Wass', 9, 'Derecha', 181, 'Dinamarca'),
(67, 'Michy Batshuayi', 9, 'Derecha', 185, 'Belgica'),
(68, 'Jeison Murillo', 9, 'Derecha', 182, 'Colombia'),
(69, 'Kévin Gameiro', 9, 'Derecha', 172, 'Francia'),
(70, 'Carlos Soler', 9, 'Derecha', 180, 'Espana'),
(71, 'Francis Coquelin', 9, 'Derecha', 177, 'Francia'),
(72, 'Gayà', 9, 'Izquierda', 172, 'Espana'),
(73, 'Cristiano Piccini', 9, 'Derecha', 189, 'Italia'),
(74, 'Rubén Sobrino', 9, 'Derecha', 185, 'Espana'),
(75, 'Giovani Lo Celso', 5, 'Izquierda', 175, 'Argentina'),
(76, 'William Silva de Carvalho', 5, 'Derecha', 187, 'Portugal'),
(77, 'Sidnei Rechel da Silva Júnior', 5, 'Derecha', 188, 'Brasil'),
(78, 'Junior Firpo', 5, 'Izquierda', 184, 'Espana'),
(79, 'Marc Bartra Aregall', 5, 'Derecha', 184, 'Espana'),
(80, 'Joaquín Sánchez Rodríguez', 5, 'Derecha', 179, 'Espana'),
(81, 'Pau López Sabata', 5, 'Izquierda', 189, 'Espana'),
(82, 'Andrés Guardado', 5, 'Izquierda', 169, 'Mexico'),
(83, 'Sergio Canales Madrazo', 5, 'Izquierda', 180, 'Espana'),
(84, 'Aïssa Mand', 5, 'Derecha', 184, 'Argelia'),
(85, 'Ryad Boudebouz', 5, 'Izquierda', 177, 'Argelia'),
(86, 'Cristian Tello Herrera', 5, 'Derecha', 178, 'Espana'),
(87, 'Takashi Inui', 5, 'Derecha', 169, 'Japon'),
(88, 'Zouhair Feddal', 5, 'Izquierda', 191, 'Marruecos'),
(89, 'Antonio Sanabria', 5, 'Derecha', 180, 'Paraguay'),
(90, 'Sergio León Limones', 5, 'Derecha', 178, 'Espana'),
(91, 'Fran. Javier García Fernández', 5, 'Derecha', 186, 'Espana'),
(92, 'Lorenzo Morón García', 5, 'Derecha', 188, 'Espana'),
(93, 'Antonio Barragán Fernández', 5, 'Derecha', 183, 'Espana'),
(94, 'Jesé Rodríguez Ruíz', 5, 'Derecha', 178, 'Espana'),
(95, 'Joel Robles Blázquez', 5, 'Derecha', 195, 'Espana'),
(96, 'Francisco Guerrero Martín', 5, 'Derecha', 185, 'Espana'),
(97, 'Iñaki Williams Dannis', 4, 'Derecha', 186, 'Espana'),
(98, 'Aritz Aduriz Zubeldia', 4, 'Derecha', 182, 'Espana'),
(99, 'Daniel Garcia Carrillo', 4, 'Derecha', 180, 'Espana'),
(100, 'Oscar De Marcos Arana', 4, 'Derecha', 182, 'Espana'),
(101, 'Raúl García Escudero', 4, 'Derecha', 184, 'Espana'),
(102, 'Iker Muniain Goñi', 4, 'Derecha', 169, 'Espana'),
(103, 'Beñat Etxebarria Urkiaga', 4, 'Derecha', 177, 'Espana'),
(104, 'Markel Susaeta Laskurain', 4, 'Derecha', 179, 'Espana'),
(105, 'Oscar De Marcos Arana', 4, 'Derecha', 182, 'Espana'),
(106, 'Iñigo Martínez Berridi', 4, 'Izquierda', 182, 'Espana'),
(107, 'Ibai Gómez Pérez', 4, 'Derecha', 177, 'Espana'),
(108, 'Ander Capa Rodríguez', 4, 'Derecha', 175, 'Espana'),
(109, 'Iago Herrerín Buisán', 4, 'Derecha', 187, 'Espana'),
(110, 'Ander Iturraspe Derteano', 4, 'Derecha', 187, 'Espana'),
(111, 'Alejandro Remiro Gargallo', 4, 'Derecha', 191, 'Espana'),
(112, 'Yuri Berchiche Izeta', 4, 'Izquierda', 180, 'Espana'),
(113, 'Yeray Alvarez Lopez', 4, 'Derecha', 183, 'Espana'),
(114, 'Mikel San José Domínguez', 4, 'Derecha', 187, 'Espana'),
(116, 'Unai López Cabrera', 4, 'Derecha', 170, 'Espana'),
(117, 'Mikel Rico Moreno', 4, 'Derecha', 179, 'Espana'),
(118, 'Iñigo Córdoba Kerejeta', 4, 'Izquierda', 180, 'Espana'),
(120, 'Iñigo Lekue Martínez', 4, 'Derecha', 180, 'Espana'),
(124, 'Iago Aspas Juncal', 6, 'Izquierda', 175, 'Espana'),
(125, 'Okay Yokuslu', 6, 'Derecha', 191, 'Turquia'),
(126, 'Hugo Mallo Novegil', 6, 'Derecha', 174, 'Espana'),
(127, 'Maximiliano Gómez', 6, 'Derecha', 186, 'Uruguay'),
(128, 'Ryad Boudebouz', 6, 'Izquierda', 177, 'Turquia'),
(129, 'Brais Méndez', 6, 'Izquierda', 187, 'Espana'),
(131, 'Stanislav Lobotka', 6, 'Derecha', 170, 'Eslovaquia'),
(132, 'Sergio Álvarez Conde', 6, 'Derecha', 179, 'Espana'),
(134, 'Gustavo Cabral', 6, 'Derecha', 182, 'Argentina'),
(135, 'Rubén Blanco Veiga', 6, 'Derecha', 188, 'Espana'),
(136, 'Okay Yokuslu', 6, 'Derecha', 191, 'Turquia'),
(137, 'Nemanja Radoja', 6, 'Derecha', 186, 'Serbia'),
(138, 'Jozabed Sánchez Ruiz', 6, 'Derecha', 180, 'Espana'),
(139, 'David Juncà Reñé', 6, 'Izquierda', 175, 'Espana'),
(140, 'Wesley Hoedt', 6, 'Izquierda', 188, 'Holanda'),
(141, 'Mathias Jensen', 6, 'Derecha', 173, 'Dinamarca'),
(142, 'Néstor Araujo', 6, 'Derecha', 188, 'Mexico'),
(144, 'Facundo Roncaglia', 6, 'Derecha', 179, 'Argentina'),
(145, 'Emre Mor', 6, 'Derecha', 169, 'Turquia'),
(146, 'Junior Alonso', 6, 'Izquierda', 184, 'Paraguay'),
(147, 'Francisco José Beltrán Peinado', 6, 'Derecha', 170, 'Espana'),
(148, 'Lucas Olaza', 6, 'Izquierda', 175, 'Uruguay'),
(149, 'Serdar Gürler', 20, 'Derecha', 173, 'Turquia'),
(150, 'Gonzalo Melero Manzanares', 20, 'Derecha', 183, 'Espana'),
(151, 'Pablo Insua Blanco', 20, 'Derecha', 187, 'Espana'),
(152, 'Juan Camilo Hernández', 20, 'Derecha', 175, 'Colombia'),
(153, 'Luís Carlos Correia Pinto', 20, 'Izquierda', 171, 'Portugal'),
(154, 'Rúben Afonso Borges Semedo', 20, 'Derecha', 189, 'Portugal'),
(155, 'Xabier Etxeita Gorritxat', 20, 'Derecha', 186, 'Espana'),
(156, 'Damián Musto', 20, 'Derecha', 182, 'Argentina'),
(157, 'David Ferreiro Quiroga', 20, 'Derecha', 170, 'Espana'),
(158, 'Samuele Longo', 20, 'Derecha', 185, 'Italia'),
(159, 'Moisés Gómez Bordonado', 20, 'Derecha', 176, 'Espana'),
(160, 'Juan Pablo Añor', 20, 'Izquierda', 175, 'Venezuela'),
(161, 'Axel Werner', 20, 'Derecha', 192, 'Argentina'),
(162, 'Jorge Miramón', 20, 'Derecha', 176, 'Espana'),
(163, 'Jorge Pulido Mayoral', 20, 'Derecha', 185, 'Espana'),
(164, 'Carlos Akapo Martínez', 20, 'Derecha', 178, 'Guinea Equatorial'),
(165, 'Alejandro Gallar Falguero', 20, 'Derecha', 176, 'Espana'),
(166, 'Lluís Sastre Reus', 20, 'Derecha', 174, 'Espana'),
(167, 'Juan Aguilera Nuñez', 20, 'Derecha', 185, 'Espana'),
(168, 'Ezequiel Ávila', 20, 'Izquierda', 179, 'Argentina'),
(169, 'Christian Stuani', 19, 'Derecha', 186, 'Uruguay'),
(170, 'Cristian Portugues Manzanera', 19, 'Derecha', 178, 'Espana'),
(171, 'Yassine Bounou', 19, 'Izquierda', 192, 'Marruecos'),
(172, 'Seydou Doumbia', 19, 'Derecha', 179, 'Costa de Marfil'),
(173, 'Àlex Granell Nogué', 19, 'Izquierda', 175, 'Espana'),
(174, 'Borja García Freire', 19, 'Derecha', 175, 'Espana'),
(175, 'Johan Mojica', 19, 'Izquierda', 185, 'Colombia'),
(176, 'Pere Pons Riera', 19, 'Derecha', 177, 'Espana'),
(177, 'Bernardo Espinosa', 19, 'Derecha', 192, 'Colombia'),
(178, 'Juan Pedro Ramírez López', 19, 'Derecha', 190, 'Espana'),
(179, 'David Timor Copoví', 19, 'Izquierda', 185, 'Espana'),
(180, 'Gorka Iraizoz Moreno', 19, 'Derecha', 191, 'Espana'),
(181, 'Francisco Aday Benítez Caraballo', 19, 'Derecha', 179, 'Espana'),
(182, 'Carles Planas Antolínez', 19, 'Izquierda', 173, 'Espana'),
(183, 'Carles Planas Antolínez', 19, 'Izquierda', 173, 'Espana'),
(184, 'Pedro Alcalá Guirado', 19, 'Derecha', 196, 'Espana'),
(185, 'Anthony Lozano', 19, 'Derecha', 185, 'Honduras'),
(186, 'Marc Muniesa Martínez', 19, 'Izquierda', 179, 'Espana'),
(187, 'Patrick Roberts', 19, 'Izquierda', 167, 'Inglaterra'),
(188, 'Jonás Ramalho Chimeno', 19, 'Derecha', 181, 'Espana'),
(189, 'Douglas Luiz Soares de Paulo', 19, 'Derecha', 178, 'Brasil'),
(190, 'Rubén Salvador Pérez del Mármol', 18, 'Derecha', 178, 'Espana'),
(191, 'Youssef En-Nesyri', 18, 'Izquierda', 192, 'Marruecos'),
(192, 'Alexander Szymanowski', 18, 'Izquierda', 175, 'Argentina'),
(193, 'Diego Reyes', 18, 'Derecha', 189, 'Mexico'),
(194, 'Iván Cuéllar Sacristán', 18, 'Izquierda', 187, 'Espana'),
(195, 'José Luis Garcia del Pozo', 18, 'Derecha', 183, 'Espana'),
(196, 'Jon Ander Serantes Simón', 18, 'Derecha', 184, 'Espana'),
(197, 'Nabil El Zhar', 18, 'Derecha', 171, 'Marruecos'),
(198, 'Javier Eraso Goñi', 18, 'Derecha', 180, 'Espana'),
(199, 'Andriy Lunin', 18, 'Derecha', 191, 'Ucrania'),
(200, 'Martin Braithwaite', 18, 'Derecha', 180, 'Dinamarca'),
(201, 'Unai Bustinza Martinez', 18, 'Derecha', 175, 'Espana'),
(202, 'Sabin Merino Zuloaga', 18, 'Derecha', 187, 'Espana'),
(203, 'Diego Rolán', 18, 'Derecha', 178, 'Uruguay'),
(204, 'Guido Carrillo', 18, 'Derecha', 191, 'Argentina'),
(205, 'Rubén Salvador Pérez del Mármol', 18, 'Derecha', 178, 'Espana'),
(206, 'Allan-Roméo Nyom', 18, 'Derecha', 189, 'Camerun'),
(207, 'Jonathan Silva', 18, 'Izquierda', 180, 'Argentina'),
(208, 'Juan Francisco Moreno Fuertes', 18, 'Derecha', 180, 'Espana'),
(209, 'Michael Santos', 18, 'Derecha', 174, 'Uruguay'),
(210, 'Samuel Saiz Alonso', 17, 'Derecha', 174, 'Espana'),
(211, 'Dakonam Djené', 17, 'Derecha', 176, 'Togo'),
(212, 'Jorge Molina Vidal', 17, 'Derecha', 188, 'Espana'),
(213, 'Jaime Mata Arnaiz', 17, 'Derecha', 187, 'Espana'),
(214, 'Vitorino Pacheco Antunes', 17, 'Izquierda', 187, 'Portugal'),
(215, 'Ángel Luís Rodríguez Díaz', 17, 'Derecha', 172, 'Espana'),
(216, 'David Soria Solís', 17, 'Derecha', 192, 'Espana'),
(217, 'Damián Suárez', 17, 'Derecha', 173, 'Uruguay'),
(218, 'Sergio Guardiola Navarro', 17, 'Izquierda', 187, 'Espana'),
(219, 'Leandro Chichizola', 17, 'Derecha', 186, 'Argentina'),
(220, 'Bruno González Cabrera', 17, 'Derecha', 185, 'Espana'),
(221, 'Jorge Molina Vidal', 17, 'Derecha', 188, 'Espana'),
(222, 'Amath Diedhiou', 17, 'Derecha', 173, 'Senegal'),
(223, 'Gaku Shibasaki', 17, 'Derecha', 175, 'Japon'),
(224, 'Markel Bergara Larrañaga', 17, 'Derecha', 181, 'Espana'),
(225, 'Iván Alejo Peralta', 17, 'Derecha', 184, 'Espana'),
(226, 'Mauro Arambarri', 17, 'Derecha', 176, 'Uruguay'),
(227, 'Nemanja Maksimovic', 17, 'Derecha', 184, 'Serbia'),
(228, 'Sebastián Cristóforo', 17, 'Derecha', 175, 'Uruguay'),
(229, 'Francisco Portillo Soler', 17, 'Derecha', 169, 'Espana'),
(230, 'David Remeseiro Salgueiro', 16, 'Derecha', 178, 'Espana'),
(231, 'José Luis Morales Nogales', 16, 'Derecha', 180, 'Espana'),
(232, 'Oier Olazábal Paredes', 16, 'Izquierda', 190, 'Espana'),
(233, 'Rubén Rochina Naixes', 16, 'Izquierda', 182, 'Espana'),
(234, 'José Gómez Campaña', 16, 'Derecha', 179, 'Espana'),
(235, 'Jorge Andújar Moreno', 16, 'Derecha', 177, 'Espana'),
(236, 'Enis Bardhi', 16, 'Derecha', 172, 'Macedonia'),
(237, 'Roger Martí Salvador', 16, 'Derecha', 179, 'Espana'),
(238, 'Nikola Vukcevic', 16, 'Izquierda', 184, 'Montenegro'),
(239, 'Rúben Miguel Nunes Vezo', 16, 'Derecha', 182, 'Portugal'),
(240, 'Moses Simon', 16, 'Derecha', 168, 'Nigeria'),
(241, 'Emmanuel Boateng', 16, 'Derecha', 175, 'Ghana'),
(242, 'Roberto Suárez Pier', 16, 'Derecha', 172, 'Espana'),
(243, 'Borja Mayoral Moya', 16, 'Derecha', 182, 'Espana'),
(244, 'Antonio García Aranda', 16, 'Izquierda', 179, 'Espana'),
(245, 'Javier Espinosa González', 16, 'Derecha', 173, 'Espana'),
(246, 'Sergio Postigo Redondo', 16, 'Derecha', 185, 'Espana'),
(247, 'Erick Cabaco', 16, 'Derecha', 186, 'Uruguay'),
(248, 'José Manuel Rodríguez Benito', 16, 'Izquierda', 189, 'Espana'),
(249, 'Antonio Manuel Luna Rodriguez', 16, 'Izquierda', 178, 'Espana'),
(250, 'Cheick Doukouré', 16, 'Derecha', 180, 'Costa de Marfil'),
(252, 'Sergio Asenjo Andrés', 15, 'Derecha', 189, 'Espana'),
(253, 'Santiago Cazorla González', 15, 'Derecha', 168, 'Espana'),
(254, 'Pablo Fornals Malla', 15, 'Derecha', 178, 'Espana'),
(255, 'Álvaro González Soberón', 15, 'Derecha', 183, 'Espana'),
(256, 'Manuel Trigueros Muñoz', 15, 'Derecha', 178, 'Espana'),
(257, 'Gerard Moreno Balagueró', 15, 'Izquierda', 180, 'Espana'),
(258, 'Carlos Bacca', 15, 'Derecha', 181, 'Colombia'),
(259, 'Víctor Ruíz Torre', 15, 'Izquierda', 185, 'Espana'),
(260, 'Bruno Soriano Llido', 15, 'Izquierda', 184, 'Espana'),
(261, 'Pablo Fornals Malla', 15, 'Derecha', 178, 'Espana'),
(262, 'Vicente Iborra de la Fuente', 15, 'Derecha', 190, 'Espana'),
(263, 'Alfonso Pedraza Sag', 15, 'Izquierda', 184, 'Espana'),
(264, 'Mario Gaspar Pérez Martínez', 15, 'Derecha', 182, 'Espana'),
(265, 'Karl Toko-Ekambi', 15, 'Derecha', 185, 'Camerun'),
(266, 'Álvaro González Soberón', 15, 'Derecha', 183, 'Espana'),
(267, 'Jaume Vicent Costa Jordá', 15, 'Izquierda', 171, 'Espana'),
(269, 'Javier Fuego Martínez', 15, 'Derecha', 182, 'Espana'),
(271, 'Nicola Sansone', 15, 'Derecha', 175, 'Italia'),
(272, 'Mariano Barbosa', 15, 'Derecha', 188, 'Argentina'),
(273, 'Daniele Bonera', 15, 'Derecha', 183, 'Italia'),
(274, 'Andrés Eduardo Fernández Moreno', 15, 'Derecha', 187, 'Espana'),
(275, 'Quincy Promes', 14, 'Derecha', 174, 'Holanda'),
(276, 'Éver Banega', 14, 'Derecha', 174, 'Argentina'),
(277, 'Pablo Sarabia García', 14, 'Izquierda', 174, 'Espana'),
(278, 'Franco Vázquez', 14, 'Izquierda', 186, 'Mexico'),
(279, 'Wissam Ben Yedder', 14, 'Derecha', 170, 'Francia'),
(280, 'André Miguel Valente da Silva', 14, 'Derecha', 185, 'Portugal'),
(281, 'Jesús Navas González', 14, 'Derecha', 170, 'Espana'),
(282, 'Luis Muriel', 14, 'Derecha', 179, 'Colombia'),
(283, 'Manuel Agudo Durán', 14, 'Derecha', 175, 'Espana'),
(284, 'Sergio Escudero Palomo', 14, 'Izquierda', 176, 'Espana'),
(285, 'Gabriel Mercado', 14, 'Derecha', 180, 'Argentina'),
(286, 'Roque Mesa Quevedo', 14, 'Derecha', 171, 'Espana'),
(287, 'Simon Kjær', 14, 'Derecha', 184, 'Dinamarca'),
(288, 'Tomáš Vaclík', 14, 'Derecha', 188, 'Republica Checa'),
(289, 'Daniel Filipe Martins Carriço', 14, 'Derecha', 180, 'Portugal'),
(290, 'Aleix Vidal Parreu', 14, 'Derecha', 177, 'Espana'),
(291, 'Sergi Gómez Solà', 14, 'Derecha', 185, 'Espana'),
(292, 'Joris Gnagnon', 14, 'Derecha', 182, 'Francia'),
(294, 'Munir El Haddadi', 14, 'Izquierda', 175, 'Espana'),
(295, 'Paulo Henrique Chagas de Lima', 14, 'Izquierda', 184, 'Brasil'),
(296, 'Raúl de Tomás Gómez', 13, 'Derecha', 180, 'Espana'),
(297, 'Óscar Trejo', 13, 'Derecha', 180, 'Argentina'),
(298, 'Mario Suárez Mata', 13, 'Derecha', 188, 'Espana'),
(299, 'Gaël Kakuta', 13, 'Izquierda', 173, 'Espana'),
(300, 'Adrián Embarba Blazquez', 13, 'Derecha', 173, 'Espana'),
(301, 'Jordi Amat Maas', 13, 'Derecha', 185, 'Espana'),
(302, 'Roberto Román Triguero', 13, 'Derecha', 175, 'Espana'),
(303, 'Franco Di Santo', 13, 'Derecha', 193, 'Argentina'),
(304, 'Tiago Manuel Dias Correia', 13, 'Derecha', 190, 'Portugal'),
(305, 'Álvaro Medrán Just', 13, 'Derecha', 176, 'Espana'),
(306, 'Alejandro Gálvez Jimena', 13, 'Derecha', 188, 'Espana'),
(307, 'Emiliano Velázquez', 13, 'Derecha', 185, 'Uruguay'),
(308, 'José Ángel Pozo la Rosa', 13, 'Derecha', 170, 'Espana'),
(309, 'Giannelli Imbula', 13, 'Izquierda', 186, 'Francia'),
(310, 'Luis Advíncula', 13, 'Derecha', 178, 'Peru'),
(311, 'Álvaro García Rivera', 13, 'Izquierda', 168, 'Congo'),
(312, 'Alexandre Moreno Lopera', 13, 'Izquierda', 179, 'Espana'),
(313, 'Alberto García Cabrera', 13, 'Derecha', 182, 'Espana'),
(314, 'Abdoulaye Ba', 13, 'Derecha', 197, 'Senegal'),
(315, 'Uche Agbo', 13, 'Derecha', 185, 'Nigeria'),
(316, 'Joan Jordán', 12, 'Derecha', 184, 'Espana'),
(317, 'Charles Dias De Oliveira', 12, 'Derecha', 177, 'Brasil'),
(318, 'Pedro León Sánchez Gil', 12, 'Derecha', 183, 'Espana'),
(319, 'Rubén Peña Jiménez', 12, 'Derecha', 170, 'Espana'),
(320, 'Enrique García Martínez', 12, 'Derecha', 186, 'Espana'),
(321, 'Sergi Enrich Ametller', 12, 'Derecha', 181, 'Espana'),
(322, 'Marko Dmitrovic', 12, 'Izquierda', 194, 'Serbia'),
(323, 'Fabián Orellana', 12, 'Derecha', 168, 'Chile'),
(324, 'Marc Cucurella Saseta', 12, 'Izquierda', 172, 'Espana'),
(325, 'Anaitz Arbilla Zabala', 12, 'Derecha', 177, 'Espana'),
(326, 'Paulo André Rodrigues Oliveira', 12, 'Derecha', 187, 'Portugal'),
(327, 'Gonzalo Escalante', 12, 'Derecha', 182, 'Argentina'),
(328, 'Iván Ramis Barrios', 12, 'Derecha', 188, 'Espana'),
(329, 'Papa Kouli Diop', 12, 'Derecha', 179, 'Senegal'),
(330, 'José Ángel Valdés Díaz', 12, 'Izquierda', 182, 'Espana'),
(331, 'Yoel Rodríguez Oterino', 12, 'Derecha', 185, 'Espana'),
(332, 'David López Silva', 8, 'Derecha', 183, 'Espana'),
(333, 'Pablo Piatti', 7, 'Izquierda', 163, 'Argentina'),
(334, 'Diego López Rodríguez', 7, 'Derecha', 196, 'Espana'),
(335, 'Sergi Darder Moll', 7, 'Derecha', 180, 'Espana'),
(336, 'Leonardo Carrilho Baptistão', 7, 'Derecha', 181, 'Brasil'),
(337, 'Esteban Granero Molina', 7, 'Derecha', 180, 'Espana'),
(338, 'Facundo Ferreyra', 7, 'Derecha', 185, 'Argentina'),
(339, 'Borja Iglesias Quintas', 7, 'Derecha', 187, 'Espana'),
(340, 'Sergio García de la Fuente', 7, 'Derecha', 174, 'Espana'),
(341, 'Roberto Rosales', 7, 'Derecha', 175, 'Venezuela'),
(342, 'Victor Sánchez Mata', 7, 'Derecha', 174, 'Espana'),
(343, 'Hernán Pérez', 7, 'Derecha', 180, 'Paraguay'),
(344, 'Roberto Jiménez Gago', 7, 'Derecha', 192, 'Espana'),
(345, 'Mario Hermoso Canseco', 7, 'Izquierda', 184, 'Espana'),
(346, 'Alfa Semedo Esteves', 7, 'Derecha', 189, 'Guinea'),
(347, 'Javier López Rodríguez', 7, 'Derecha', 180, 'Espana'),
(348, 'Óscar Duarte', 7, 'Derecha', 186, 'Costa Rica'),
(349, 'Edinaldo Gomes Pereira', 7, 'Derecha', 188, 'Brasil'),
(350, 'Marc Roca Junqué', 7, 'Izquierda', 184, 'Espana'),
(351, 'Lei Wu', 7, 'Derecha', 174, 'China'),
(352, 'Sergio Sánchez Ortega', 7, 'Derecha', 185, 'Espana'),
(353, 'Igor Zubeldia Elorza', 8, 'Derecha', 180, 'Espana'),
(354, 'Kevin Rodrigues', 8, 'Izquierda', 170, 'Portugal'),
(355, 'Asier Illarramendi', 8, 'Derecha', 179, 'Espana'),
(356, 'Adnan Januzaj', 8, 'Izquierda', 186, 'Belgica'),
(357, 'Willian José da Silva', 8, 'Derecha', 189, 'Brasil'),
(358, 'Mikel Oyarzabal Ugarte', 8, 'Izquierda', 181, 'Espana'),
(359, 'Gerónimo Rulli', 8, 'Derecha', 189, 'Argentina'),
(360, 'Miguel Ángel Moyá Rumbo', 8, 'Derecha', 188, 'Espana'),
(361, 'Héctor Hernández Ortega', 8, 'Derecha', 176, 'Espana'),
(362, 'Juan Miguel Jimenez López', 8, 'Derecha', 172, 'Espana'),
(363, 'David Zurutuza Veillet', 8, 'Derecha', 186, 'Francia'),
(364, 'Theo Hernández', 8, 'Izquierda', 184, 'Francia'),
(365, 'Sandro Ramírez Castillo', 8, 'Derecha', 175, 'Espana'),
(366, 'Héctor Moreno', 8, 'Izquierda', 183, 'Mexico'),
(367, 'Diego Javier Llorente Ríos', 8, 'Derecha', 186, 'Espana'),
(368, 'Aritz Elustondo', 8, 'Derecha', 180, 'Espana'),
(369, 'Raúl Rodríguez Navas', 8, 'Derecha', 186, 'Espana'),
(370, 'Rubén Pardo Gutiérrez', 8, 'Derecha', 181, 'Espana'),
(371, 'Mikel Merino Zazón', 8, 'Izquierda', 186, 'Espana'),
(372, 'Joseba Zaldúa Bengoetxea', 8, 'Derecha', 176, 'Espana'),
(373, 'Enes Ünal', 10, 'Derecha', 185, 'Turquia'),
(375, 'Fernando Pacheco Flores', 11, 'Izquierda', 186, 'Espana'),
(376, 'Ibai Gómez Pérez', 11, 'Derecha', 177, 'Espana'),
(377, 'John Guidetti', 11, 'Derecha', 186, 'Suecia'),
(378, 'Manuel García Sánchez', 11, 'Izquierda', 182, 'Espana'),
(379, 'Daniel Torres', 11, 'Derecha', 183, 'Colombia'),
(380, 'Jonathan Calleri', 11, 'Derecha', 181, 'Argentina'),
(381, 'Guillermo Maripán', 11, 'Derecha', 193, 'Chile'),
(382, 'Tomás Pina Isla', 11, 'Derecha', 185, 'Espana'),
(383, 'Víctor Laguardia Cisneros', 11, 'Derecha', 185, 'Espana'),
(384, 'Rubén Sobrino Pozuelo', 11, 'Derecha', 185, 'Espana'),
(385, 'Jorge Franco Alviz', 11, 'Derecha', 184, 'Espana'),
(386, 'Rubén Duarte Sánchez', 11, 'Izquierda', 180, 'Espana'),
(387, 'Rodrigo Ely', 11, 'Derecha', 188, 'Brasil'),
(388, 'Borja González Tomás', 11, 'Derecha', 191, 'Espana'),
(389, 'Jonathan Rodríguez Menéndez', 11, 'Izquierda', 179, 'Espana'),
(390, 'Martín Aguirregabiria', 11, 'Derecha', 178, 'Espana'),
(391, 'Diego Rolán', 11, 'Derecha', 178, 'Uruguay'),
(392, 'Mubarak Wakaso', 11, 'Izquierda', 171, 'Ghana'),
(393, 'Joaquín Navarro Jiménez', 11, 'Derecha', 178, 'Espana'),
(394, 'Yoel Rodríguez Oterino', 10, 'Derecha', 185, 'Espana'),
(395, 'Jordi Masip López', 10, 'Derecha', 180, 'Espana'),
(396, 'Sergio Gontán Gallardo', 10, 'Derecha', 172, 'Espana'),
(397, 'Iván López Álvarez', 10, 'Derecha', 174, 'Espana'),
(398, 'Sergio Guardiola Navarro', 10, 'Izquierda', 187, 'Espana'),
(399, 'Antonio Villa Suárez', 10, 'Derecha', 171, 'Espana'),
(400, 'Miguel Ángel Herrero Javaloyas', 10, 'Derecha', 183, 'Espana'),
(401, 'Óscar Plano Pedreño', 10, 'Izquierda', 182, 'Espana'),
(402, 'Pablo Hervías Rubio', 10, 'Derecha', 174, 'Espana'),
(403, 'Luis Miguel Sánchez Benítez', 10, 'Derecha', 179, 'Espana'),
(404, 'Alberto Guitián Ceballos', 10, 'Derecha', 181, 'Espana'),
(405, 'Duje Cop', 10, 'Derecha', 184, 'Croacia'),
(406, 'Daniele Verde', 10, 'Izquierda', 168, 'Italia'),
(407, 'Francisco José Olivas Alba', 10, 'Derecha', 189, 'Espana'),
(408, 'Leonardo Suárez', 10, 'Izquierda', 167, 'Argentina'),
(409, 'Rubén Alcaraz Jiménez', 10, 'Derecha', 180, 'Espana'),
(410, 'José Ignacio Martínez García', 10, 'Izquierda', 175, 'Espana'),
(411, 'Borja Fernández Fernández', 10, 'Derecha', 189, 'Espana'),
(412, 'Antonio Jesús Regal Angulo', 10, 'Derecha', 174, 'Espana'),
(413, 'Andres Felipe Bustillo', 624, 'Derecha', 172, 'Espana'),
(414, 'Jorge Godoy', 624, 'Derecha', 180, 'Espana'),
(415, 'Laura Bustos', 624, 'Derecha', 175, 'Espana'),
(416, 'Issac Teran', 624, 'Izquierda', 180, 'Espana'),
(417, 'Juanjo Rodriguez', 624, 'Derecha', 177, 'Espana'),
(418, 'Alvaro Alcaraz', 624, 'Derecha', 172, 'Espana'),
(419, 'Pablo Leon', 624, 'Derecha', 182, 'Espana'),
(420, 'Carlos Racca', 624, 'Derecha', 165, 'Espana'),
(421, 'Christian Samir', 624, 'Derecha', 170, 'Espana'),
(422, 'Brajhan Villacres', 624, 'Izquierda', 176, 'Espana'),
(423, 'Raul galan', 624, 'Derecha', 176, 'Frances'),
(424, 'Ray Perfecto', 624, 'Derecha', 179, 'Espana'),
(425, 'Tamas Nagy', 624, 'Derecha', 181, 'Espana'),
(426, 'Deborah Castro', 624, 'Derecha', 176, 'Espana'),
(427, 'Alejandro Aparicio', 624, 'Derecha', 191, 'Rusia'),
(428, 'Alejandro Cabo', 624, 'Izquierda', 188, 'Espana'),
(429, 'Javier Rollon', 624, 'Izquierda', 185, 'Espana'),
(430, 'Ignacio de la Fuente', 624, 'Derecha', 166, 'Espana'),
(431, 'Ysavela Recabar', 624, 'Derecha', 182, 'Espana'),
(432, 'Javier Valencia', 624, 'Izquierda', 161, 'Espana'),
(433, 'Roger Alejandro', 624, 'Izquierda', 164, 'Espana'),
(434, 'Enrique Madruga', 624, 'Derecha', 182, 'Espana'),
(435, 'Xin Xheng', 624, 'Derecha', 160, 'Espana'),
(436, 'Pablo Sanz', 624, 'Derecha', 180, 'Espana');

-- --------------------------------------------------------

--
-- Estructura de tabla para la tabla `ligas`
--

CREATE TABLE `ligas` (
  `cod_liga` int(11) NOT NULL,
  `nombre` varchar(30) NOT NULL,
  `pais` varchar(20) NOT NULL
) ENGINE=InnoDB DEFAULT CHARSET=latin1;

--
-- Volcado de datos para la tabla `ligas`
--

INSERT INTO `ligas` (`cod_liga`, `nombre`, `pais`) VALUES
(1, '3. Liga', 'Alemania'),
(2, 'Allsvenskan', 'Suecia'),
(3, 'Belgium Pro League', 'Belgica'),
(4, 'Bundesliga', 'Alemania'),
(5, 'Bundesliga 2', 'Alemania'),
(6, 'Calcio B', 'Italia'),
(7, 'Campeonato Scotiabank', 'Chile'),
(8, ' Ceská Liga', 'Republica Checa'),
(9, 'CSL', 'China'),
(10, ' Domino’s Ligue 2', 'Francia'),
(11, ' EFL Championship', 'Inglaterra'),
(12, ' EFL League One', 'Inglaterra'),
(13, ' EFL League Two', 'Inglaterra'),
(14, 'Ekstraklasa', 'Polonia'),
(15, 'Eliteserien', 'Noruega'),
(16, ' Eredivisie', 'Paises Bajos'),
(17, 'Finnliiga', 'Finlandia'),
(18, 'Hellas Liga', 'Grecia'),
(19, 'Hyundai A-League', 'Australia'),
(20, ' Icons', 'Americano'),
(21, 'K LEAGUE Classic', 'Corea del Sur'),
(22, ' LaLiga 1 I 2 I 3', 'Espana'),
(23, 'LaLiga Santander', 'Espana'),
(24, ' League of Russia', 'Russia'),
(25, 'LIGA Bancomer MX', 'Mejico'),
(26, ' Liga Dimayor', 'Colombiano'),
(27, 'Liga Hrvatska', 'Croacia'),
(28, 'Liga NOS', 'Portugal'),
(29, 'Ligue 1 Conforama', 'Francia'),
(30, ' Major League Soccer', 'Estados Unidos'),
(31, 'Meiji Yasuda J1 League', 'Japon'),
(32, 'Österreichische Futball-Bundes', 'Austria'),
(33, 'Premier League', 'Inglaterra'),
(34, ' Raiffeisen Super League', 'Suiza'),
(35, 'SAF', 'Argentina'),
(36, ' Saudi Professional League', 'Arabia Saudi'),
(37, 'Scottish Premiership', 'Escocia'),
(38, 'Serie A TIM', 'Italia'),
(39, 'South African FL', 'Sudafrica'),
(40, ' SSE Airtricity League', 'Irlanda'),
(41, 'Süper Lig', 'Turquia'),
(42, 'Superliga', 'Argentina'),
(43, 'Ukrayina Liha', 'Ucrania');

--
-- Índices para tablas volcadas
--

--
-- Indices de la tabla `cartas`
--
ALTER TABLE `cartas`
  ADD PRIMARY KEY (`nombre`,`cod_jugador`);

--
-- Indices de la tabla `equipos`
--
ALTER TABLE `equipos`
  ADD PRIMARY KEY (`cod_equipo`);

--
-- Indices de la tabla `jugadores`
--
ALTER TABLE `jugadores`
  ADD PRIMARY KEY (`cod_jugador`);

--
-- Indices de la tabla `ligas`
--
ALTER TABLE `ligas`
  ADD PRIMARY KEY (`cod_liga`);
COMMIT;

/*!40101 SET CHARACTER_SET_CLIENT=@OLD_CHARACTER_SET_CLIENT */;
/*!40101 SET CHARACTER_SET_RESULTS=@OLD_CHARACTER_SET_RESULTS */;
/*!40101 SET COLLATION_CONNECTION=@OLD_COLLATION_CONNECTION */;
